1,7,114,1601,4830,ANGARAPADA SC,21
2,7,114,1601,4832,BAIDYANATH SC,21
3,7,114,1601,4837,NUAGAN SC,21
4,7,114,1601,4842,DENUA SC,21
5,7,114,1601,4843,RARUAN ( M-C) SC,21
6,7,114,1601,4845,JHUMUKAPAL SC,21
7,7,114,1601,4846,GODAPALASA SC,21
8,7,114,1601,4848,TINGIRIA SC,21
9,7,114,1601,4850,TILAKOTI SC,21
10,7,114,1601,4852,BHANJAKIA SC,21
11,7,114,1601,4857,NAKASARA SC,21
12,7,114,1601,4859,NARASANDHA SC,21
13,7,114,1601,4862,BUDAMARA SC,21
14,7,114,1601,4864,FAGU SC,21
15,7,114,1601,4866,GHAGARBEDA SC,21
16,7,114,1601,4868,MADHIAPOSI SC,21
17,7,114,1601,4870,RAIKALA SC,21
18,7,120,1572,4872,KULIANA SC,21
19,7,120,1572,4873,PURUNAPANI SC,21
20,7,120,1572,4876,SANSARASPOSI SC,21
21,7,120,1572,4878,KATHSIRSI SC,21
22,7,120,1572,4881,BADNUAGOAN SC,21
23,7,120,1572,4882,PARULIA SC,21
24,7,120,1572,4885,DIGARIASTIA SC,21
25,7,120,1572,4888,PATIHINJA SC,21
26,7,120,1572,4890,KAMARPAL SC,21
27,7,120,1572,4892,MARANGTANDI SC,21
28,7,120,1572,4893,BAIGANBADIA SC,21
29,7,120,1572,4894,ANDHARI SC,21
30,7,120,1572,4896,DUMURDIHA SC,21
31,7,120,1572,4897,KUKUDAKHUMPI SC,21
32,7,120,1572,4899,GANGRAJ SC,21
33,7,120,1572,4900,DARKULI SC,21
34,7,120,1572,4901,KALAJHINEI SC,21
35,7,120,1572,4904,CHANDUA SC,21
36,7,120,1572,4905,KAKHARUSOLE SC,21
37,7,120,1572,4908,GADARGODI SC,21
38,7,120,1572,4910,BAGHUASOLE SC,21
39,7,120,1572,4912,KEUTUNIMARI SC,21
40,7,120,1572,4914,NODHANA SC,21
41,7,120,1572,4916,DUDHIASOLE SC,21
42,7,120,1572,4918,KUABUDA SC,21
43,7,123,1624,4921,KOSTHA SC,21
44,7,123,1624,4924,BADDHENKIA SC,21
45,7,123,1624,4925,JURUKA SC,21
46,7,123,1624,4928,KALTIA SC,21
47,7,123,1624,4931,KUJIDIHI SC,21
48,7,123,1624,4933,DHARAMPURA SC,21
49,7,123,1624,4936,BADADA SC,21
50,7,123,1624,4938,KULADAHANI SC,21
51,7,123,1624,4940,SULIAPADA SC,21
52,7,123,1624,4942,CHAKCHAKIA SC,21
53,7,123,1624,4944,TILOJODIA SC,21
54,7,123,1624,4946,BANAKATI SC,21
55,7,123,1624,4948,UFALGADIA SC,21
56,7,123,1624,4950,SINGADA SC,21
57,7,123,1624,4951,BAGHADA SC,21
58,7,123,1624,4954,DHATIKA SC,21
59,7,123,1624,4955,DEULI SC,21
60,7,123,1624,4957,KUSUMASOLE SC,21
61,7,123,1624,4958,ANLAKUDA SC,21
62,7,123,1624,4960,CHUHAT SC,21
63,7,123,1624,4961,NAGSOLE SC,21
64,7,123,1624,4962,NUAGAN SC,21
65,7,123,1624,4964,KANIMAHULI SC,21
66,7,123,1624,4966,FANIA SC,21
67,7,125,1603,4969,RASGOBINDPUR SC,21
68,7,125,1603,4970,BACHHIRPAL SC,21
69,7,125,1603,4971,DEBSOLE SC,21
70,7,125,1603,4973,GOBRA SC,21
71,7,125,1603,4976,SARUMOLA SC,21
72,7,125,1603,4979,KANPUR SC,21
73,7,125,1603,4981,NAKICHUA SC,21
74,7,125,1603,4985,KAMARDIHA SC,21
75,7,125,1603,4987,BETNASIA SC,21
76,7,125,1603,4992,NALAGOJA SC,21
77,7,125,1603,4995,RANGIUM SC,21
78,7,125,1603,4997,R.N PUR SC,21
79,7,125,1603,4998,AMARDA SC,21
80,7,125,1603,5000,JHATIODA SC,21
81,7,125,1603,5001,KASAFOLIA SC,21
82,7,125,1603,5002,P.C PUR SC,21
83,7,125,1603,5005,TAMBAKHURI SC,21
84,7,125,1603,5006,MANIDA SC,21
85,7,125,1603,5008,CHHATNA SC,21
86,7,125,1603,5010,KHUNTAPAL SC,21
87,7,125,1603,5012,CHAKULIA SC,21
88,7,125,1603,5013,BADAMPUR SC,21
89,7,125,1603,5014,TOTAPODA SC,21
90,7,125,1603,5016,PAIKSAHI SC,21
91,7,118,1617,5017,RANGAMATIA SC,21
92,7,118,1617,5018,KUCHILAGHATI SC,21
93,7,118,1617,5021,BADSOLE SC,21
94,7,118,1617,5023,JAGANATHPUR SC,21
95,7,118,1617,5025,BAD-KULDIHA SC,21
96,7,118,1617,5028,BHALUKI SC,21
97,7,118,1617,5031,CHHADKATA SC,21
98,7,118,1617,5032,BALDIHA SC,21
99,7,118,1617,5034,GOUDRAMA SC,21
100,7,118,1617,5036,JANUDAHI SC,21
101,7,118,1617,5039,AMBSIKIDA SC,21
102,7,118,1617,5041,SINDURGOURA SC,21
103,7,118,1617,5042,KENDUA SC,21
104,7,118,1617,5045,SARAT CH. PUR SC,21
105,7,118,1617,5046,AMBDUBI SC,21
106,7,118,1617,5047,BAUNSBILLA SC,21
107,7,118,1617,5048,KARANJIA SC,21
108,7,118,1617,5050,PADA ASTIA SC,21
109,7,118,1617,5051,CHIPAT ASTIA SC,21
110,7,118,1617,5052,GOUDDIHA SC,21
111,7,118,1617,5053,TIKARPADA SC,21
112,7,110,1539,5055,MANADA M-C SC,21
113,7,110,1539,5059,NUAGAON SC,21
114,7,110,1539,5062,BONEIKALA SC,21
115,7,110,1539,5065,SARGADA SC,21
116,7,110,1539,5069,BUDAMARA SC,21
117,7,110,1539,5072,DUMURDIHA SC,21
118,7,110,1539,5075,RADHANAGAR SC,21
119,7,110,1539,5077,BADJAMBILLA SC,21
120,7,110,1539,5080,SANPURUNAPANI SC,21
121,7,110,1539,5082,ASANA SC,21
122,7,110,1539,5083,MAJHIGAON SC,21
123,7,110,1539,5085,BAUTIBEDA SC,21
124,7,110,1539,5087,MAHUBHANDAR SC,21
125,7,110,1539,5089,BISOI SC,21
126,7,110,1539,5090,PANPOSI SC,21
127,7,110,1539,5092,LUHABADIA SC,21
128,7,110,1539,5093,BHOLBEDA SC,21
129,7,110,1539,5095,PUNDIDA SC,21
130,7,110,1539,5096,KHADAMBEDA SC,21
131,7,110,1539,5099,N.B.POKHORIA SC,21
132,7,121,1510,5110,BANGRIPOSI SC,21
133,7,105,1260,5131,BAHALDA SC,21
134,7,105,1260,5133,KULGI SC,21
135,7,105,1260,5135,KANKI SC,21
136,7,105,1260,5137,BINJHUA SC,21
137,7,105,1260,5140,JHADGAN SC,21
138,7,105,1260,5143,SOSO SC,21
139,7,105,1260,5146,BASINGI SC,21
140,7,105,1260,5149,JHARADIHI SC,21
141,7,105,1260,5176,SURUDA SC,21
142,7,105,1260,5181,GIDIGHATY SC,21
143,7,105,1260,5183,BADPALSA SC,21
144,7,105,1260,5186,BADKEDAM SC,21
145,7,105,1260,5187,P.M.PANI SC,21
146,7,105,1260,5189,JASHIPUR SC,21
147,7,105,1260,5193,TARANA SC,21
148,7,105,1260,5194,NUAGAON SC,21
149,7,105,1260,5196,BADAPUTKA SC,21
150,7,105,1260,5200,DEORADIHI SC,21
151,7,105,1260,5203,BHITARAMDA SC,21
152,7,105,1260,5206,ASANA SC,21
153,7,105,1260,5209,GAMBHARIA SC,21
154,7,105,1260,5213,J.N.PUR SC,21
155,7,105,1260,5214,B.BOSE SC,21
156,7,105,1260,5218,KULTA SC,21
157,7,105,1260,5219,ANLAJODI SC,21
158,7,105,1260,5222,KUMBHIRMUNDI SC,21
159,7,121,1510,5252,NITEI SC,21
160,7,121,1510,5254,NISCHINTA SC,21
161,7,121,1510,5255,CHANDANPUR SC,21
162,7,121,1510,5257,BANKATI SC,21
163,7,121,1510,5261,SALBANI SC,21
164,7,121,1510,5273,BEDHAKUDAR SC,21
165,7,121,1510,5274,PATHURI SC,21
166,7,121,1510,5278,BUDAMARA SC,21
167,7,121,1510,5282,KALABADIA SC,21
168,7,121,1510,5284,KM KOTA SC,21
169,7,121,1510,5288,KANJIASOLE SC,21
170,7,121,1510,5291,BASANTPUR SC,21
171,7,121,1510,5293,SORISAPAL SC,21
172,7,121,1510,5295,KUSUMBANDH SC,21
173,7,121,1510,5296,KANCHHINDA SC,21
174,7,121,1510,5299,GHATKUANRI SC,21
175,7,121,1510,5302,BASKITOLA SC,21
176,7,121,1510,5304,BADGAON SC,21
177,7,121,1510,5307,BHUASUNI SC,21
178,7,121,1510,5309,DHOBANISOLE SC,21
179,7,121,1510,5311,KANDALIA SC,21
180,7,121,1510,5314,JALDIHA SC,21
181,7,121,1510,5318,BUDHIKHAMARI SC,21
182,7,104,1634,5323,TIRING SC,21
183,7,104,1634,5326,NUAGAN SC,21
184,7,104,1634,5330,NARANPUR SC,21
185,7,104,1634,5332,JADUNATHPUR SC,21
186,7,104,1634,5336,BADDALIMA SC,21
187,7,104,1634,5338,BHOLAGADIA SC,21
188,7,104,1634,5342,PANDUPANI SC,21
189,7,104,1634,5344,SANBHUNDU SC,21
190,7,104,1634,5347,RAMBEDA SC,21
191,7,104,1634,5349,TALSA SC,21
192,7,104,1634,5351,LUPUNG SC,21
193,7,104,1634,5354,PANDHDA SC,21
194,7,104,1634,5356,RENGALBEDA SC,21
195,7,104,1634,5359,DEOGAN SC,21
196,7,114,1622,5367,ARJUNBILLA SC,21
197,7,114,1622,5370,BARIA SC,21
198,7,114,1622,5371,GALUSAHI SC,21
199,7,114,1622,5373,HALADIA SC,21
200,7,114,1622,5375,INDUPUR SC,21
201,7,114,1622,5377,JAMUTY SC,21
202,7,114,1622,5379,KHICHING SC,21
203,7,114,1622,5381,KUMBHIRDA SC,21
204,7,114,1622,5383,SINGDA SC,21
205,7,114,1622,5386,SUKRULI SC,21
206,7,114,1622,5388,CHAMPREI SC,21
207,7,114,1622,5389,CHATURANJALI SC,21
208,7,114,1622,5391,BHRAMARPOSI SC,21
209,7,114,1622,5393,TERANTI SC,21
210,7,114,1622,5397,PANDARSHIL SC,21
211,7,117,1629,5418,MAIN CENTER,21
212,7,117,1629,5420,BHARANDIA SC,21
213,7,117,1629,5422,AKHAPALAN SC,21
214,7,117,1629,5423,HATIGODA SC,21
215,7,117,1629,5425,SALEIBEDA SC,21
216,7,117,1629,5429,TALPADA SC,21
217,7,117,1629,5433,HANDIFUTA SC,21
218,7,117,1629,5437,TARAMARA SC,21
219,7,117,1629,5438,DIGDHAR SC,21
220,7,117,1629,5442,MITUANI SC,21
221,7,117,1629,5446,KESHIDIHA SC,21
222,7,117,1629,5450,JARAK SC,21
223,7,117,1629,5452,CHAMPAJHAR SC,21
224,7,117,1629,5457,PATRAPADA SC,21
225,7,117,1629,5460,NUAPADA SC,21
226,7,117,1629,5465,KENDUJIANI SC,21
227,7,117,1629,5467,PADIABEDA SC,21
228,7,117,1629,5471,BORING SC,21
229,7,117,1629,5475,KHANDABANDH SC,21
230,7,117,1629,5481,SATKOSIA SC,21
231,7,117,1629,5483,NADA SC,21
232,7,117,1629,5486,SALCHUA SC,21
233,7,117,1629,5490,MAHALDIHA SC,21
234,7,117,1629,5494,BHALIDAL SC,21
235,7,117,1629,5497,DWARSUNI SC,21
236,7,129,1566,5502,DUKURA SC,21
237,7,129,1566,5505,ANGARKUNDIA SC,21
238,7,129,1566,5507,TADKI SC,21
239,7,129,1566,5509,KAMALI SC,21
240,7,129,1566,5512,BASIPITHA SC,21
241,7,129,1566,5516,BANGRA SC,21
242,7,129,1566,5517,SAPANCHUA SC,21
243,7,129,1566,5521,BADPATHARA SC,21
244,7,129,1566,5525,BADFENI SC,21
245,7,129,1566,5528,BAHANODA SC,21
246,7,129,1566,5531,BHOLAGODIA SC,21
247,7,129,1566,5533,MAHULDIHI SC,21
248,7,129,1566,5537,NUAGAN SC,21
249,7,129,1566,5539,TIKARPADA SC,21
250,7,129,1566,5543,KARKACHAIA SC,21
251,7,129,1566,5544,DHANAPANA SC,21
252,7,129,1566,5546,DHANGHERA SC,21
253,7,129,1566,5548,HATISAHI SC,21
254,7,129,1566,5549,GODIGAN SC,21
255,7,118,1528,5602,Karanjia SC,21
256,7,118,1528,5609,GUHALDIHI SC,21
257,7,118,1528,5612,BADJODE SC,21
258,7,118,1528,5614,ORACHANDAVILLA SC,21
259,7,118,1528,5616,HATIKOTE SC,21
260,7,118,1528,5618,KAILASHCHANDRAPUR SC,21
261,7,118,1528,5620,BAURA SC,21
262,7,118,1528,5623,LAXMIPOSI SC,21
263,7,118,1528,5624,R.N.PUR SC,21
264,7,118,1528,5626,S.VILLA SC,21
265,7,118,1528,5627,S.BHANGA SC,21
266,7,118,1528,5629,BASANTAPUR SC,21
267,7,118,1528,5632,CHANDAVILLA SC,21
268,7,118,1528,5634,DHENKIRENJIA SC,21
269,7,118,1528,5636,RAJABASA SC,21
270,7,118,1528,5641,K.CPUR MAIN SC,21
271,7,118,1528,5645,BANKISOLE SC,21
272,7,118,1528,5649,B.KATA SC,21
273,7,118,1528,5653,P.C.PUR SC,21
274,7,118,1528,5658,S.GANJ SC,21
275,7,118,1528,5661,DEBENDRAPUR SC,21
276,7,118,1528,5665,TAKATPUR SC,21
277,7,118,1528,5667,TULASICHAURA SC,21
278,7,118,1528,5671,DAMDARPUR SC,21
279,7,118,1528,5675,BRC PUR SC,21
280,7,106,1548,5682,JAMDA SC,21
281,7,106,1548,5694,MAHISKUDAR SC,21
282,7,106,1548,5697,HENSDA SC,21
283,7,106,1548,5698,MATIALI SC,21
284,7,106,1548,5701,DEOKUNDI SC,21
285,7,106,1548,5703,KAINPUR SC,21
286,7,106,1548,5705,TALGAON SC,21
287,7,106,1548,5706,KANDSORE SC,21
288,7,106,1548,5709,TARANA SC,21
289,7,106,1548,5711,MANBIR SC,21
290,7,106,1548,5714,JARKANI SC,21
291,7,106,1548,5715,MORANDA SC,21
292,7,106,1548,5717,SANDUNDU SC,21
293,7,106,1548,5719,B.K.B IRA SC,21
294,7,106,1548,5720,DALKI SC,21
295,7,106,1548,5721,PASNA SC,21
296,7,109,1609,5723,SIRSHA SC,21
297,7,109,1609,5725,PANDRA SC,21
298,7,109,1609,5727,JALDA SC,21
299,7,109,1609,5729,UMADEIPUR SC,21
300,7,109,1609,5730,MANABHANJ SC,21
301,7,109,1609,5733,BADACHATRA SC,21
302,7,109,1609,5735,RAJALOKA SC,21
303,7,109,1609,5738,JHARPOKHARIA SC,21
304,7,109,1609,5740,KHADIASOLE SC,21
305,7,109,1609,5741,DHANGDISOLE SC,21
306,7,109,1609,5744,BHURSANI SC,21
307,7,109,1609,5746,SARASKANA SC,21
308,7,109,1609,5747,MURUNIA SC,21
309,7,109,1609,5749,RATILA SC,21
310,7,109,1609,5751,EKDALI SC,21
311,7,109,1609,5753,BANKISOLE SC,21
312,7,109,1609,5755,POKHARIA SC,21
313,7,109,1609,5757,JOKA SC,21
314,7,109,1609,5759,TILOU SC,21
315,7,109,1609,5761,JERKI SC,21
316,7,109,1609,5762,POKHARDIHA SC,21
317,7,109,1609,5764,PAKTIA SC,21
318,7,109,1609,5766,BAGBUDA SC,21
319,7,109,1609,5768,POKPOKA SC,21
320,7,128,1521,5770,SANKERKO SC,21
321,7,128,1521,5772,NARANKHUNTA SC,21
322,7,128,1521,5773,GUDIALBANDH SC,21
323,7,128,1521,5774,KAMALASOLE SC,21
324,7,128,1521,5775,BAIGANBADIA SC,21
325,7,128,1521,5776,UTHANINUAGAON SC,21
326,7,128,1521,5777,JADUNATHPUR SC,21
327,7,128,1521,5778,MANATRI SC,21
328,7,128,1521,5779,MANGOVINDPUR SC,21
329,7,128,1521,5780,TENTULIGAON SC,21
330,7,128,1521,5781,BHIMDA SC,21
331,7,128,1521,5782,SORISAKOTHA SC,21
332,7,128,1521,5783,JADIDA SC,21
333,7,128,1521,5785,CHANDANPUR SC,21
334,7,128,1521,5793,KURADIAHA SC,21
335,7,128,1521,5795,KENDUDIHA SC,21
336,7,128,1521,5798,DEULIA SC,21
337,7,128,1521,5800,KOCHILAKHUNTA SC,21
338,7,128,1521,5801,KAINFULIA SC,21
339,7,128,1521,5802,AGUAL SC,21
340,7,128,1521,5803,DURGAPUR SC,21
341,7,128,1521,5804,SAKUA SC,21
342,7,128,1521,5806,PAUNCIA SC,21
343,7,128,1521,5808,SIALIGHATY SC,21
344,7,128,1521,5810,PRATAPPUR SC,21
345,7,128,1521,5812,HARIPUR SC,21
346,7,128,1521,5815,KHANUA SC,21
347,7,128,1521,5818,MADHAPUR SC,21
348,7,128,1521,5820,AMBADALI SC,21
349,7,128,1521,5822,JALGHERA SC,21
350,7,128,1521,5825,BADASAHI SC,21
351,7,128,1521,5827,SINGATIA SC,21
352,7,128,1521,5829,TALAPADA SC,21
353,7,128,1521,5831,DHANPUTA SC,21
354,7,128,1521,5833,CHANDADIHA SC,21
355,7,128,1521,5834,CHELIA-B SC,21
356,7,128,1521,5836,GUHALDIHI SC,21
357,7,111,1536,5838,BIJATALA SC,21
358,7,111,1536,5839,BHALKICHUA SC,21
359,7,111,1536,5841,BATDUMA SC,21
360,7,111,1536,5842,RAIHARI SC,21
361,7,111,1536,5843,MUNDATHAKURA SC,21
362,7,111,1536,5845,BANKATI SC,21
363,7,111,1536,5846,TALDIHA SC,21
364,7,111,1536,5848,BARAJIANI SC,21
365,7,111,1536,5849,BHARANDIA SC,21
366,7,111,1536,5852,GOPINATHPUR SC,21
367,7,111,1536,5854,KHANTA SC,21
368,7,111,1536,5858,JUDIA SC,21
369,7,111,1536,5860,SANJHARAN SC,21
370,7,111,1536,5862,LUHASILA SC,21
371,7,111,1536,5864,MANIKPUR SC,21
372,7,111,1536,5866,SARAGADA SC,21
373,7,111,1536,5868,CHADHEIPAHADI SC,21
374,7,111,1536,5870,BADBANTHA SC,21
375,7,130,1636,5875,ADAPAL SC,21
376,7,130,1636,5877,AMBADIHA SC,21
377,7,130,1636,5879,BADAKHAMAN SC,21
378,7,130,1636,5884,BAHUBANDHA SC,21
379,7,130,1636,5886,BHIMATALI SC,21
380,7,130,1636,5887,KOTILINGA SC,21
381,7,130,1636,5889,NAGPAL SC,21
382,7,130,1636,5890,PATHURIA SC,21
383,7,130,1636,5891,UPAR KHUNTAPAL SC,21
384,7,130,1636,5892,BAIRATPUR SC,21
385,7,130,1636,5894,DIHIRAKUL SC,21
386,7,130,1636,5895,KAINSARI SC,21
387,7,130,1636,5897,KHALADI SC,21
388,7,130,1636,5898,KOCHILADIHA SC,21
389,7,130,1636,5900,RADHO SC,21
390,7,130,1636,5903,DUGUDHA SC,21
391,7,130,1636,5904,JAMUDIHA SC,21
392,7,130,1636,5906,KUNDABAI SC,21
393,7,130,1636,5908,MUSAKHAI SC,21
394,7,130,1636,5909,PATASANIPUR SC,21
395,7,130,1636,5911,SRIRAMCHANDRAPUR SC,21
396,7,127,1531,6454,BETNOTI SC,21
397,7,127,1531,6455,SATHILO SC,21
398,7,127,1531,6456,NAHANDASUL SC,21
399,7,127,1531,6457,TARAKOTHI SC,21
400,7,127,1531,6458,SUKHILAHAR SC,21
401,7,127,1531,6459,GOBAPAL SC,21
402,7,127,1531,6460,DAHIKUTI SC,21
403,7,127,1531,6461,BHALIA SC,21
404,7,127,1531,6462,AGRIA SC,21
405,7,127,1531,6463,CHHACHINAPADA SC,21
406,7,127,1531,6464,BARHAMPURA SC,21
407,7,127,1531,6465,JUGAL SC,21
408,7,127,1531,6466,ANLA SC,21
409,7,127,1531,6467,AMBAGADIA SC,21
410,7,127,1531,6468,KHUNTAPUR SC,21
411,7,127,1531,6469,MACHHAPADA SC,21
412,7,127,1531,6470,PURUNIA SC,21
413,7,127,1531,6471,BACHHURIPADA SC,21
414,7,127,1531,6472,BAISINGA SC,21
415,7,127,1531,6473,PADLAMPUR SC,21
416,7,127,1531,6474,GADDAULIA SC,21
417,7,127,1531,6475,KANTHI SC,21
418,7,127,1531,6476,KALAMA SC,21
419,7,127,1531,6477,KHAIRBANI SC,21
420,7,127,1531,6478,SANTARA SC,21
421,7,127,1531,6479,DEMPHAUDA SC,21
422,7,127,1531,6480,PATALIPURA SC,21
423,7,127,1531,6481,NADPUR SC,21
424,7,127,1531,6482,DAHISAHI SC,21
425,7,127,1531,6483,MERDA SC,21
426,7,127,1531,6484,DURGAPUR SC,21
427,7,127,1531,6485,PURINDA SC,21
428,7,127,1531,6486,KURADHIKA SC,21
429,7,131,1555,6487,KAPTIPADA SC,21
430,7,131,1555,6488,GOUDAGAN SC,21
431,7,131,1555,6489,BADSIMULIA SC,21
432,7,131,1555,6490,BADAKHALADI SC,21
433,7,131,1555,6491,ASANABANI SC,21
434,7,131,1555,6492,JADIDA SC,21
435,7,131,1555,6493,BELDIHA SC,21
436,7,131,1555,6494,KHADIKHANIYA SC,21
437,7,131,1555,6495,JAMBANI SC,21
438,7,131,1555,6496,BISOL SC,21
439,7,131,1555,6497,GOLAGADIA SC,21
440,7,131,1555,6498,JARADA SC,21
441,7,131,1555,6499,PEDAGADI SC,21
442,7,131,1555,6500,GENDAGADIA SC,21
443,7,131,1555,6501,MAJHIGADIA SC,21
444,7,131,1555,6502,SALACHUA SC,21
445,7,131,1555,6503,PURUNAPANI SC,21
446,7,131,1555,6504,RAIPAL SC,21
447,7,131,1555,6505,KALAMGADIA SC,21
448,7,131,1555,6506,SARADHIA SC,21
449,7,131,1555,6507,NUTTO SC,21
450,7,131,1555,6508,SARAT SC,21
451,7,131,1555,6509,GOURACHANDRAPUR SC,21
452,7,131,1555,6510,DEWANBAHALI SC,21
453,7,131,1555,6511,KATURIA SC,21
454,7,131,1555,6512,NUDUDIHA SC,21
455,7,131,1555,6513,SARBANA SC,21
456,7,131,1555,6514,PODADIHA SC,21
457,7,131,1555,6515,CHAKRADHARPUR SC,21
458,7,131,1555,6516,KOLIOLAM SC,21
459,7,131,1555,6517,DEBLA SC,21
460,7,113,1553,6518,JAMUKESWAR SC,21
461,7,113,1553,6519,MAHALDA PALSA SC,21
462,7,113,1553,6520,MOUDI SC,21
463,7,113,1553,6521,MANADA SC,21
464,7,113,1553,6522,GENTEISAHI SC,21
465,7,113,1553,6523,BAUNSNALI SC,21
466,7,113,1553,6524,CHAKIDI SC,21
467,7,113,1553,6525,BANPANDUGUNDI SC,21
468,7,113,1553,6526,CHHELIGODULI SC,21
469,7,113,1553,6527,PODAGARH SC,21
470,7,113,1553,6528,GOUDGAON SC,21
471,7,113,1553,6529,DHALABANI SC,21
472,7,113,1553,6531,TANGABILLA SC,21
473,7,113,1553,6532,PANTHA SC,21
474,7,113,1553,6533,JAUNRIPOSI SC,21
475,7,113,1553,6534,RUGUDI SC,21
476,7,113,1553,6535,EKTALI SC,21
477,7,113,1553,6536,MATIAGARH SC,21
478,7,113,1553,6537,BAKALA SC,21
479,7,113,1553,6538,KAPAND SC,21
480,7,113,1553,6539,JASHIPUR SC,21
481,7,113,1553,6540,GUDUGUDIA SC,21
482,7,113,1553,6541,BADKASIRA SC,21
483,7,113,1553,6542,BAREHIPANI SC,21
484,7,113,1553,6543,GADSIMILIPAL SC,21
485,7,124,1584,6544,KISANTANDI SC,21
486,7,124,1584,6545,ANUA SC,21
487,7,124,1584,6546,MOHONPUR SC,21
488,7,124,1584,6547,NICHUAPADA SC,21
489,7,124,1584,6548,KOHI SC,21
490,7,124,1584,6549,GADIA SC,21
491,7,124,1584,6550,CHADEIGAON SC,21
492,7,124,1584,6551,KESRASOLE SC,21
493,7,124,1584,6552,DANTIAMUHAN SC,21
494,7,124,1584,6553,CHUASOLE SC,21
495,7,124,1584,6554,CHAKUNDAPADA SC,21
496,7,124,1584,6555,MARUDIHI SC,21
497,7,124,1584,6556,SAN-MUNDHABANI SC,21
498,7,124,1584,6557,CHITRADA SC,21
499,7,124,1584,6558,MUNDHABANI SC,21
500,7,124,1584,6559,JHINKIRIA SC,21
501,7,124,1584,6560,JUALIBHANGA SC,21
502,7,124,1584,6561,GADIGAON SC,21
503,7,124,1584,6562,MORODA SC,21
504,7,124,1584,6563,KHURUNTIA SC,21
505,7,124,1584,6564,KHUNTAPAL SC,21
506,7,124,1584,6565,BHATTCHATTAR SC,21
507,7,124,1584,6566,KANDANA SC,21
508,7,124,1584,6567,NUAGAON SC,21
509,7,124,1584,6568,H.K.PUR SC,21
510,7,116,1562,6569,TATO SC,21
511,7,116,1562,6570,KURULIA SC,21
512,7,116,1562,6571,BALA SC,21
513,7,116,1562,6572,DUMURIA SC,21
514,7,116,1562,6573,DARI SC,21
515,7,116,1562,6574,BATPALSA SC,21
516,7,116,1562,6575,SANGAN SC,21
517,7,116,1562,6576,MALHARPADA SC,21
518,7,116,1562,6577,HATIBARI SC,21
519,7,116,1562,6578,DUDHIANI SC,21
520,7,116,1562,6579,KENDUMUNDI SC,21
521,7,116,1562,6580,KALAKAD SC,21
522,7,116,1562,6581,KULIPOSI SC,21
523,7,116,1562,6582,RASAMTALA SC,21
524,7,116,1562,6583,RODHANG SC,21
525,7,116,1562,6584,CHITROPOSI SC,21
526,7,116,1562,6585,CHADHEIBHOL SC,21
527,7,116,1562,6586,PAHARBHANGA SC,21
528,7,116,1562,6587,KERKERA SC,21
529,7,116,1562,6588,NEDUAPAL SC,21
530,7,116,1562,6589,BADDEULI SC,21
531,7,116,1562,6590,JHALKIANI SC,21
532,7,129,1542,6591,KHUNTA SC,21
533,7,129,1542,6592,TITIA SC,21
534,7,129,1542,6593,SILAGHATY SC,21
535,7,129,1542,6594,BHANDAGAN SC,21
536,7,129,1542,6595,RANIBBANDH SC,21
537,7,129,1542,6596,PASUDA SC,21
538,7,129,1542,6597,KUAMARA SC,21
539,7,129,1542,6598,SIKIDIA SC,21
540,7,129,1542,6599,PALASA SC,21
541,7,129,1542,6600,ARPATA SC,21
542,7,129,1542,6601,KUSALDA SC,21
543,7,129,1542,6602,MARSIGAN SC,21
544,7,129,1542,6603,BARADIHI SC,21
545,7,129,1542,6604,BALIJODA SC,21
546,7,129,1542,6605,SAINKULA SC,21
547,7,129,1542,6606,JAYPUR SC,21
548,7,129,1542,6607,PURUNA BARIPADA SC,21
549,7,129,1542,6608,RAIPADA SC,21
550,7,111,1598,6609,GUHALDANGRI SC,21
551,7,111,1598,6610,MAHADEVDIHI SC,21
552,7,111,1598,6611,KULDIHA SC,21
553,7,111,1598,6612,SUDARSANPUR SC,21
554,7,111,1598,6613,KUKUDIMUNDI SC,21
555,7,111,1598,6614,HATIA SC,21
556,7,111,1598,6615,KULUSILA SC,21
557,7,111,1598,6616,SUNDHAL SC,21
558,7,111,1598,6617,BADRA SC,21
559,7,111,1598,6618,BADGAON SC,21
560,7,111,1598,6619,GORUMAHISANI SC,21
561,7,111,1598,6620,KANTABANI SC,21
562,7,111,1598,6621,DANDBOSE SC,21
563,7,111,1598,6622,HALDA SC,21
564,7,111,1598,6623,MUSABANI SC,21
565,7,111,1598,6624,NAGVAN SC,21
566,7,112,1574,6625,BADAMPAHAR SC,21
567,7,112,1574,6626,BHANDAN SC,21
568,7,112,1574,6627,KASIABEDA SC,21
569,7,112,1574,6628,JORADA SC,21
570,7,112,1574,6629,RANGAMATIA SC,21
571,7,112,1574,6630,TENTOPOSI SC,21
572,7,112,1574,6631,JHIPABANDHA SC,21
573,7,112,1574,6632,AHARBANDHA SC,21
574,7,112,1574,6633,KATHABARIA SC,21
575,7,112,1574,6634,CHUAPANI SC,21
576,7,112,1574,6635,JAYPUR SC,21
577,7,112,1574,6636,MAYURDOR SC,21
578,7,112,1574,6637,PURUNAPANI SC,21
579,7,112,1574,6638,SULEIPAT SC,21
580,7,112,1574,6639,DEULI SC,21
581,7,112,1574,6640,HATABADRA SC,21
582,7,112,1574,6641,BARGIMARA SC,21
583,7,112,1574,6642,KENDRAI SC,21
584,7,112,1574,6643,KUSUMI SC,21
585,7,112,1574,6644,PADHIA SC,21
586,7,112,1574,6645,SARAPADA SC,21
587,7,112,1574,6646,CHINGUDIPOKHARI SC,21
588,7,112,1574,6647,DOVA SC,21
589,7,128,1521,7566,BADAGAMBHARIA,21
590,7,119,1875,7821,Ward No-1,21
591,7,119,1875,7822,Ward No-2,21
592,7,119,1875,7823,Ward No-3,21
593,7,119,1875,7824,Ward No-4,21
594,7,119,1875,7825,Ward No-5,21
595,7,119,1875,7826,Ward No-6,21
596,7,119,1875,7827,Ward No-7,21
597,7,119,1875,7828,Ward No-8,21
598,7,119,1875,7829,Ward No-9,21
599,7,119,1875,7830,Ward No-10,21
600,7,119,1875,7831,Ward No-11,21
601,7,119,1875,7832,Ward No-12,21
602,7,119,1875,7833,Ward No-13,21
603,7,119,1875,7834,Ward No-14,21
604,7,119,1875,7835,Ward No-15,21
605,7,119,1875,7836,Ward No-16,21
606,7,119,1875,7837,Ward No-17,21
607,7,119,1875,7838,Ward No-18,21
608,7,119,1875,7839,Ward No-19,21
609,7,119,1875,7840,Ward No-20,21
610,7,130,1872,7841,Ward No-1,21
611,7,130,1872,7842,Ward No-2,21
612,7,130,1872,7843,Ward No-3,21
613,7,130,1872,7844,Ward No-4,21
614,7,130,1872,7845,Ward No-5,21
615,7,130,1872,7846,Ward No-6,21
616,7,130,1872,7847,Ward No-7,21
617,7,130,1872,7848,Ward No-8,21
618,7,130,1872,7849,Ward No-9,21
619,7,130,1872,7850,Ward No-10,21
620,7,130,1872,7851,Ward No-11,21
621,7,130,1872,7852,Ward No-12,21
622,7,116,1874,7858,Ward No-1,21
623,7,116,1874,7859,Ward No-2,21
624,7,116,1874,7860,Ward No-3,21
625,7,116,1874,7861,Ward No-4,21
626,7,116,1874,7862,Ward No-5,21
627,7,116,1874,7863,Ward No-6,21
628,7,116,1874,7864,Ward No-7,21
629,7,116,1874,7865,Ward No-8,21
630,7,116,1874,7866,Ward No-9,21
631,7,116,1874,7867,Ward No-10,21
632,7,116,1874,7868,Ward No-11,21
633,7,116,1874,7869,Ward No-12,21
634,7,116,1874,7870,Ward No-13,21
635,7,116,1874,7871,Ward No-14,21
636,7,116,1874,7872,Ward No-15,21
637,7,107,1873,7873,Ward No-1,21
638,7,107,1873,7874,Ward No-2,21
639,7,107,1873,7875,Ward No-3,21
640,7,107,1873,7876,Ward No-4,21
641,7,107,1873,7877,Ward No-5,21
642,7,107,1873,7878,Ward No-6,21
643,7,107,1873,7879,Ward No-7,21
644,7,107,1873,7880,Ward No-8,21
645,7,107,1873,7881,Ward No-9,21
646,7,107,1873,7882,Ward No-10,21
647,7,107,1873,7883,Ward No-11,21
648,7,107,1873,7884,Ward No-12,21
649,7,107,1873,7885,Ward No-13,21
650,7,107,1873,7886,Ward No-14,21
651,7,107,1873,7887,Ward No-15,21
652,7,113,1871,8257,JASHIPUR Urban,21
653,7,134,1965,8328,DEBENDRAPUR UPHC-1,21
654,7,134,1965,8329,DEBENDRAPUR UPHC-2,21
655,7,134,1965,8330,DEBENDRAPUR UPHC-3,21
656,7,134,1965,8331,DEBENDRAPUR UPHC-4,21
657,7,118,1964,8332,MUNICIPALITY UPHC-1,21
